"code_muni","nome","2000","2002","2004","2006","2007","2008","2009","2010","2011","2012","2013","2014","2015","2016","2017","2018","2019","2020","2021","2022","2023","2024"
5100102,"Acorizal",238.017768,28.12435,27.479789,32.859011,0,8.28337,0,9.267281,0,8.746255,7.930544,3.913074,15.503076,5.156051,1.894329,6.162014,4.589084,2.706508,2.010471,1.790202,1.498454,0.864237
5100201,"Água Boa",3187.818586,433.266009,360.45049,181.607401,0.022516,122.557791,0,55.094934,0,31.107333,25.8361,26.375058,69.225248,33.325002,32.013264,36.700731,18.793649,24.787691,15.899819,11.886395,12.200559,19.289467
5100250,"Alta Floresta",16.399485,4.297984,5.055209,1.48577,4888.917614,16.913075,7.135716,3.485253,5.758822,1.626804,7.497059,10.026314,10.977878,12.487968,12.167208,13.031198,16.844429,17.209099,15.175672,17.628139,13.411889,8.373124
5100300,"Alto Araguaia",2083.537041,115.574811,283.924383,139.948678,0,55.570608,0,29.835206,0,39.569121,23.20606,24.657968,31.941268,16.261823,21.426236,12.293042,9.823432,6.586286,13.20061,4.978569,2.845641,1.401251
5100359,"Alto Boa Vista",210.035822,37.334381,20.907531,20.005427,1052.363373,27.024796,13.595302,10.769761,59.488957,8.240018,16.550236,5.236061,19.230789,9.929567,12.083079,46.720796,3.842428,12.216285,17.658121,9.215792,1.181436,11.434108
5100409,"Alto Garças",1757.184726,121.056185,181.522404,39.205792,0,17.282885,0,16.55873,0,17.843833,14.887416,12.971651,22.917305,10.404688,6.86226,7.249499,3.541825,7.871861,10.561904,1.54091,6.067592,0.973934
5100508,"Alto Paraguai",492.043111,45.461965,49.242263,35.813254,183.723722,18.861893,0,6.746705,0,14.377954,3.944156,3.41029,10.72117,6.54095,3.775164,7.879944,2.764609,5.480774,5.424944,4.134723,6.762743,1.482373
5100607,"Alto Taquari",1062.487901,36.442161,22.900807,17.422584,0,1.974997,0,2.518032,0,3.906785,6.169599,3.197818,1.262116,0.905532,1.044502,0.726736,1.141072,0.099216,0.200128,0.27136,0,0.209673
5100805,"Apiacás",0.835122,0.107452,0.171497,0.296488,2010.808611,45.927056,13.572243,15.113375,14.48152,12.226113,19.274859,12.265309,19.09229,19.665948,27.318293,29.158235,89.667899,52.606459,99.193133,79.575761,64.976577,19.346915
5101001,"Araguaiana",2077.414804,309.316846,202.199508,165.228554,0,82.923893,0,63.001983,0,59.383676,59.891391,9.935605,17.237123,54.77765,14.147009,16.805105,18.355519,13.032103,23.88333,13.547195,25.683002,24.794161
5101209,"Araguainha",180.00513,9.49593,17.636068,8.957011,0,7.794798,0,3.711011,0,2.152915,2.051741,1.169486,1.776862,7.040876,1.631789,1.810217,1.656825,1.906632,2.399602,1.67142,2.091615,0.493034
5101258,"Araputanga",50.86556,0.12728,6.33734,0.13072,1195.089405,1.398933,0.02666,1.68388,0.06622,0.35604,0.66134,0.8127,0.078169,0,0,0.455572,0.12728,7.29968,2.492197,0.82044,0.04128,0
5101308,"Arenápolis",0,0,0,0,370.942412,0.21303,0.199213,0.095793,0,0,0.354282,0.0862,0.072408,0,0,0.687477,0.791316,0.082752,0.26291,0,0,0
5101407,"Aripuanã",4.966044,0.296911,3.333866,3.960409,3540.707047,76.248042,41.288068,34.900019,34.486634,21.500444,40.034103,39.938938,56.934705,87.420759,91.510594,113.655826,157.706379,144.608577,170.317786,134.065571,93.292709,69.26154
5101605,"Barão de Melgaço",702.782578,0.23427,78.246038,59.289794,0,49.119592,0,68.618332,15.321166,0,17.861889,18.036527,1.929205,69.602221,80.340067,42.074611,30.862868,21.596385,7.14718,94.941478,35.191479,111.323163
5101704,"Barra do Bugres",326.847665,19.906077,11.166015,83.39292,2848.049421,14.664123,8.896175,5.286168,4.85966,4.20291,19.247447,10.619239,8.678107,4.566795,8.404884,5.389698,3.530953,5.347885,12.586744,23.820272,6.412133,0.512428
5101803,"Barra do Garças",3023.341547,169.860237,204.490982,83.004453,0,63.726628,0,21.014484,0,17.667212,13.795467,8.298404,16.842895,9.819227,6.238612,5.856965,4.646307,6.907638,8.056198,4.081482,4.139471,8.675978
5101837,"Boa Esperança do Norte",1497.258616,358.314441,384.791962,56.750378,427.766529,53.168761,1.224204,19.107321,9.628902,68.35701,69.96953,18.840857,11.793245,18.979078,16.103669,10.590533,17.351261,4.925731,4.992759,8.147257,1.808608,1.67353
5101852,"Bom Jesus do Araguaia",15.65688,6.480917,7.171343,3.290536,2673.540643,18.320981,10.884264,4.494671,18.671453,2.47465,4.155193,2.857549,22.209674,12.512682,11.45748,5.65674,8.979172,4.247991,2.920583,3.33993,9.938638,6.513826
5101902,"Brasnorte",1377.201018,303.771962,539.493405,131.203636,3919.323072,167.722971,15.080852,24.39496,13.13642,31.564438,37.55519,24.004759,51.645244,34.355524,28.137361,31.82263,50.765475,39.140211,18.089038,24.659982,35.927115,44.888952
5102504,"Cáceres",4112.759034,228.929581,803.519006,253.234317,922.01191,154.248738,1.360376,110.713799,46.660745,4.468787,106.728161,48.484442,20.592027,126.353199,39.072177,82.189988,32.702726,49.551916,45.464649,32.725885,49.920346,130.41562
5102603,"Campinápolis",1319.488655,144.999275,348.917558,115.520351,0.240748,78.916852,0,48.809902,0,61.822825,45.521899,16.569096,41.848735,15.956717,53.095481,16.140564,10.951319,10.93311,6.541613,13.444626,8.570256,3.502294
5102637,"Campo Novo do Parecis",3917.431503,149.651022,315.883845,38.398046,84.705033,77.325117,0,3.456206,0,18.194105,3.778008,2.454218,2.7617,11.207174,2.338622,0.360008,4.525738,0.108173,8.395175,10.989909,6.864232,5.553314
5102678,"Campo Verde",3177.646928,156.810177,260.967825,35.533148,0,38.48773,0,16.904242,0,5.020645,4.550033,3.247268,3.329999,8.362176,9.326285,14.617033,2.959933,1.104553,0.447427,0.582389,1.110518,4.769401
5102686,"Campos de Júlio",1865.210192,270.528361,527.465731,76.297678,0,26.862109,0,27.318304,0,32.374087,26.024662,33.651312,30.382586,35.774825,48.662691,32.093342,35.575051,20.380441,23.145618,35.293655,8.088012,0.626488
5102694,"Canabrava do Norte",247.918249,58.743449,48.406602,34.184713,1543.529761,39.087333,6.793435,16.27462,13.090087,6.091764,33.838395,25.192472,27.923465,28.740716,11.62792,21.719584,17.078651,15.813655,19.206476,14.853927,9.054665,6.474019
5102702,"Canarana",2793.199933,211.369969,212.335299,83.560659,1766.286396,49.267513,0.370407,32.768229,1.911882,13.393373,31.719156,21.829537,14.458608,19.932104,7.463359,43.317452,32.030292,27.243695,7.372616,10.545613,26.23196,9.42481
5102793,"Carlinda",0,0,0,0,1717.80818,3.946155,0.196224,0.559332,0.816708,0.134904,4.451208,1.562992,3.040679,5.064208,2.435218,2.432754,2.392686,1.577845,2.191326,1.460452,2.237498,1.775978
5102850,"Castanheira",0,0,0.01225,0.01225,2315.404273,27.501285,15.661219,9.130301,7.313551,11.573262,8.106268,5.334188,10.513066,11.904163,7.754758,3.649668,9.337035,7.182533,4.776017,3.930349,2.89552,1.033375
5103007,"Chapada dos Guimarães",2169.594415,211.177272,156.157001,95.011645,0,101.771018,0,54.77585,0,50.989453,34.574735,18.543548,24.543302,21.343478,14.621679,21.524987,16.788999,16.923155,12.723094,11.256112,8.572379,8.753303
5103056,"Cláudia",0,0,0,0,1489.142563,26.426268,25.207575,8.550655,11.658922,3.94915,19.45754,25.736739,43.427631,13.959348,31.708293,50.555399,93.516312,44.22628,24.554508,16.629403,39.25046,20.95426
5103106,"Cocalinho",1925.997856,482.962409,457.470772,303.465009,0,230.453021,0,146.595413,0,125.061769,160.171237,34.053544,86.943039,97.462177,88.281433,47.38671,82.895913,46.563158,62.278147,90.179501,50.298038,52.602517
5103205,"Colíder",0.337364,0,0,0,2511.362004,9.545699,2.491885,0.889908,1.146896,1.982769,1.614972,1.98183,14.728009,5.149207,4.338422,3.84042,8.538364,5.827336,6.302533,3.577554,2.775082,0.923256
5103254,"Colniza",1.143579,0.674193,0.029886,0.127455,3325.400872,123.279374,74.932728,80.012823,90.028345,81.123738,159.482599,146.181418,262.062349,224.450271,175.093978,235.600638,204.505814,238.368108,268.77551,400.378389,150.090039,114.810748
5103304,"Comodoro",330.203629,102.124227,212.010735,106.866932,2568.242515,70.15249,10.786471,48.565541,13.391144,16.242326,61.100865,63.575973,49.471619,47.456985,36.697824,78.042927,60.836638,72.470722,50.631458,60.2867,46.592059,8.890888
5103353,"Confresa",99.879758,19.488633,34.442792,13.286505,3636.35851,78.503382,7.339373,17.214223,26.97812,49.457548,26.431749,33.361959,27.793344,23.291373,26.814782,16.642021,14.602748,32.644964,38.51433,38.401794,15.636855,5.174554
5103361,"Conquista D'oeste",30.624045,4.601356,11.422299,23.600668,566.936935,6.011043,0.854112,1.7797,2.405726,0.699267,1.048161,4.447647,1.753308,8.350194,0.631687,1.911054,1.018403,1.67733,3.562184,2.711628,12.977988,22.107804
5103379,"Cotriguaçu",0,0.034203,0.480692,0.470949,1745.383722,76.73214,37.304179,28.719038,21.969299,43.426991,42.353414,46.506416,65.047921,52.195837,45.071434,22.320798,34.294629,49.43185,33.179771,41.662488,30.154917,7.680463
5103403,"Cuiabá",1631.798409,93.625472,80.612331,81.018031,0,61.078011,0,26.012808,0,30.104284,23.353219,10.816179,24.607634,10.534881,11.273212,12.212274,11.61404,8.675765,11.704971,10.525349,7.274367,13.671872
5103437,"Curvelândia",44.88954,0.224796,1.32876,0.195624,270.853252,0.65208,0,0.182718,0,0,0.16302,0.03861,0.129558,0.159588,0,0.071214,0.130416,0.305448,0.103818,0.054912,0,0.084919
5103452,"Denise",0.773214,3.205778,0,0,1096.45436,1.398681,0.39468,0.687014,0,0,0,0,0.063788,0.352476,0.637018,0,3.988474,0.492729,0.541251,0.892646,0,0.068031
5103502,"Diamantino",4006.045558,205.599008,378.531306,74.472946,205.992798,64.007025,0.179504,20.439483,0,14.284694,26.054139,34.201887,19.960939,32.168482,11.429367,21.132445,11.386306,9.686305,12.093904,5.476911,14.908323,4.718585
5103601,"Dom Aquino",1469.464539,45.742256,22.593141,23.18845,0,22.041559,0,4.091075,0,5.560455,2.091426,0.920095,2.557044,0.315463,5.253255,6.151511,1.864553,2.592739,2.613213,0.542886,0.521636,0.446769
5103700,"Feliz Natal",5.706307,0.326744,0.03393,0,1815.43799,231.205144,3.627671,28.287549,30.499435,20.195018,21.912597,49.511216,88.656434,80.733109,50.740075,63.168349,47.738981,66.534441,55.231724,49.405031,99.746673,24.87557
5103809,"Figueirópolis D'oeste",85.666152,5.258682,7.849842,0.25311,721.692606,3.454308,0.173518,1.731582,0.314394,0,2.178462,0.187044,0.35178,0.519948,0,0.342342,0.251508,0.453024,0.359502,0,0,0.083226
5103858,"Gaúcha do Norte",813.755567,75.986433,72.765762,45.651164,3253.644582,216.41085,9.328764,22.771105,9.701675,20.633742,41.766498,49.14363,23.347739,72.369572,60.004268,18.800645,29.312373,55.279177,24.794544,24.503154,21.502117,15.988597
5103908,"General Carneiro",1782.335363,123.318803,132.187083,56.457692,0,23.642966,0,33.667215,0,25.985537,14.668567,10.791801,24.077254,8.255214,12.225167,10.003811,10.954405,9.732133,15.396256,9.845516,4.048574,4.92658
5103957,"Glória D'oeste",305.984894,17.33525,12.517028,3.753604,284.570722,10.495365,0.039376,7.600754,0,0,4.618464,1.364779,0.214975,4.98487,0.080464,2.996105,1.185272,0.713127,2.297133,0.400352,0.17589,0.197177
5104104,"Guarantã do Norte",29.740524,5.654588,8.864206,8.156864,2369.143714,45.476969,9.08516,6.145903,8.064472,4.127499,12.721106,7.978705,14.873811,18.773621,7.725423,5.933108,17.462049,10.770907,12.388319,13.149499,7.850862,4.090447
5104203,"Guiratinga",1707.01301,111.551405,117.77988,70.303566,0,41.394322,0,36.704298,0,25.21876,19.820628,9.255876,36.784873,12.515145,15.894812,23.056262,10.333912,12.645225,15.395342,6.042832,10.530382,6.495475
5104500,"Indiavaí",11.08024,0,0,0,545.621157,0.96208,0.265431,0.182967,0,0.0602,0,0,0.065284,0,0,0.16942,0.090195,0,0,0,0,0
5104526,"Ipiranga do Norte",442.747734,59.748758,22.927575,2.336219,1729.848916,5.228397,7.314671,43.983212,10.80807,1.958617,3.506169,3.796019,5.318459,4.57227,1.325595,1.097097,4.783924,0.362336,4.862336,7.09118,1.444327,2.068713
5104542,"Itanhangá",0,0,0,0,1363.261204,91.087086,9.038453,37.402279,46.179332,25.010081,24.658726,19.440584,33.996365,6.641097,5.572524,12.356268,1.944796,32.019437,10.425333,8.159295,10.202822,22.956442
5104559,"Itaúba",75.527972,10.72197,30.325953,13.410428,1600.490809,49.429827,1.665617,6.339086,7.99958,2.050555,5.482703,25.444722,62.900553,24.172555,17.97131,24.72456,27.660411,13.59794,15.138205,8.3467,7.840845,22.719325
5104609,"Itiquira",4719.895019,128.364687,191.242194,79.199178,0,20.332569,0,20.525548,4.22096,6.059207,33.8741,10.307672,12.808442,37.558522,32.531897,20.901146,13.348408,5.984369,4.717584,1.664413,31.075132,7.246687
5104807,"Jaciara",1918.247047,24.806167,16.991669,18.48563,0,14.033001,0,3.153298,0,3.686284,1.313489,0.439984,1.468202,0.000857,0.055675,0.605709,0.27748,0.130303,1.464719,0.003424,0.002571,1.037483
5104906,"Jangada",273.433458,50.855364,99.292111,50.611492,0,24.457139,0,8.167357,0,5.07907,11.654887,8.607449,13.030217,4.352937,4.512548,6.212099,5.199376,7.125996,2.457258,3.442509,5.356816,2.847544
5105002,"Jauru",88.751019,12.461892,3.931879,4.739569,1099.125891,2.854565,0.1763,1.578116,0.253427,1.1868,1.376861,0.65704,0.57964,0.662089,0.7697,0.669018,0.267341,1.952686,3.735287,0.303402,0.465961,0.777066
5105101,"Juara",121.293269,21.946806,17.656303,16.66813,7644.541733,133.284937,30.855912,20.201785,57.461957,16.991402,20.706146,33.498137,51.295669,47.887977,21.548895,29.382343,92.96653,61.976817,97.834193,85.739619,126.04074,64.679552
5105150,"Juína",15.773654,5.239838,31.945371,6.614908,4316.998048,58.424836,20.736223,10.250067,8.340162,14.82749,28.655593,34.801173,56.635402,66.50911,33.478254,22.648145,52.815832,20.402696,51.164116,30.635985,34.966649,25.645945
5105176,"Juruena",0.19272,0.221628,0.033288,0.146292,1275.079371,47.424693,13.573191,14.324178,6.370921,10.129188,13.475773,6.487776,9.762696,12.176562,17.663133,5.3225,5.17857,8.094152,3.667581,8.231002,6.831569,3.573279
5105200,"Juscimeira",1689.505875,57.214499,81.940959,15.504984,0,7.958644,0,6.067737,0,3.619542,2.899982,0.873868,2.151639,0.67086,1.669248,1.801253,0.121499,0.472297,0.78386,0.502044,0.75941,0.6584
5105234,"Lambari D'oeste",55.276458,10.292509,6.061872,6.215035,1174.673829,3.890323,0.937248,1.25562,2.806072,0.678152,1.449903,1.031513,2.456671,4.068798,2.217079,3.3481,0.975979,3.00651,0.951004,0.611608,2.336196,0.996756
5105259,"Lucas do Rio Verde",2234.55296,72.668277,71.384245,12.619919,239.862142,35.265426,0.604128,10.05878,0.584164,12.411821,12.110232,7.283932,9.218019,0.965739,1.88905,4.766048,1.423536,6.457836,1.212901,0.26498,1.2501,1.743895
5105309,"Luciara",189.284243,38.755491,21.59152,12.672493,0,24.649882,0,7.071298,0,1.717843,5.659626,2.891227,9.584902,6.495274,3.702232,10.616949,3.04399,10.165951,11.097819,11.620729,10.232743,12.360034
5105507,"Vila Bela da Santíssima Trindade",819.314136,369.138763,236.135252,158.0924,4465.964773,204.365532,24.231045,102.247979,17.906236,11.309285,100.165882,75.862301,10.826483,115.849076,17.196122,187.359886,39.84079,46.878989,74.182556,47.273981,33.072186,32.001363
5105580,"Marcelândia",3.172959,3.640449,0.137375,0.51279,3232.254956,179.120225,3.386313,6.851489,20.901168,12.358199,37.249302,35.225033,46.70621,55.874891,48.053058,22.291688,96.473618,113.037738,133.89726,72.010404,111.1396,92.941067
5105606,"Matupá",0.212234,0.811807,0.112244,0.517386,1829.193301,75.575392,9.463772,10.703337,31.214536,13.541666,18.610201,19.160388,18.748183,19.613156,8.711075,5.691373,25.103071,18.96818,12.850243,13.207873,10.483322,8.843713
5105622,"Mirassol D'oeste",45.040053,0.834718,1.046533,0.557249,905.00135,6.433906,1.75589,2.649738,1.026492,0.995511,1.045141,0.303732,1.239181,1.846207,1.10682,1.850002,1.854644,2.412048,2.714141,0.798502,1.118038,1.642272
5105903,"Nobres",1005.993323,120.102366,98.749224,91.642018,0,61.000132,0,33.842694,0,60.690935,32.427946,80.109164,44.732342,15.130011,26.60606,26.093626,14.745319,19.864635,13.343983,7.809743,4.854562,2.955393
5106000,"Nortelândia",209.237301,5.462054,0.804446,3.928319,764.909184,1.427855,0.672471,1.756641,0.580236,0.286266,0.219894,0.326779,0.820358,0.589221,0.786225,0.783133,1.65502,1.100164,2.620877,0.401161,0.15984,0.231878
5106109,"Nossa Senhora do Livramento",1148.448572,155.105043,212.640044,140.220144,0,94.175816,0,60.998901,6.030466,17.031147,63.436176,30.941919,29.281955,66.278828,40.007225,55.312389,24.719918,35.858808,28.188808,19.927984,12.533891,19.058269
5106158,"Nova Bandeirantes",1.751124,0.537942,2.435027,2.376696,2854.482348,126.790682,52.599986,19.249781,49.1913,34.44282,64.503071,73.245819,41.908221,86.415539,48.861746,62.068393,130.097187,54.515803,125.292025,179.074678,70.091322,23.69051
5106174,"Nova Nazaré",525.842295,146.656065,95.416267,40.379478,0,63.970396,0,11.946578,0,18.209775,6.437728,6.05119,17.280649,12.457721,71.894073,235.3588,33.837633,8.119058,12.478415,8.746606,3.531165,3.863298
5106182,"Nova Lacerda",60.170979,56.40506,77.141636,30.879574,1781.010281,31.20858,8.997446,28.251427,15.106322,6.265021,41.786984,31.98065,18.198072,46.571797,20.319922,19.002944,9.924138,12.561616,22.94344,14.839359,23.183051,10.535106
5106190,"Nova Santa Helena",0,0,0,0,1332.684256,17.00637,3.684071,1.404276,4.063081,3.328097,5.38358,4.175339,2.895189,2.593252,3.510359,2.79832,6.664644,10.290971,9.156809,11.120749,28.290248,58.141095
5106208,"Nova Brasilândia",1525.397523,112.096136,67.32043,48.247962,0,75.164159,0,32.700773,0,54.259563,29.496383,11.86374,25.356211,7.934161,9.897959,13.180939,10.975772,10.335978,14.661761,14.018915,2.353948,15.349529
5106216,"Nova Canaã do Norte",24.898513,16.770393,127.416,35.099536,2935.876778,34.529846,4.921128,5.172803,4.401931,0.802994,4.242894,15.813043,20.094183,13.325091,12.957478,34.172814,29.580069,15.941942,22.415844,13.957712,10.621441,11.537622
5106224,"Nova Mutum",3484.456311,194.526151,258.235047,88.342554,1372.56726,117.035426,0.166272,20.297283,4.096651,37.660691,12.887088,8.687181,17.673605,5.332097,3.540162,11.573475,31.33127,4.704447,5.579285,11.358349,11.746615,9.065081
5106232,"Nova Olímpia",56.285333,53.81073,11.822937,5.550861,809.078912,9.405666,0.56826,6.567322,0.195447,0.078351,6.962101,3.387174,0.331485,10.810308,0.257439,5.10808,6.265698,3.085287,8.621304,1.901254,1.736735,1.110913
5106240,"Nova Ubiratã",265.845647,34.832046,9.319813,2.356341,2956.672282,136.504335,29.253273,13.459749,57.780072,18.874161,9.569135,17.017913,26.157057,21.173848,36.553168,22.23662,12.214803,33.404748,47.591842,57.891985,115.998409,17.696885
5106257,"Nova Xavantina",2205.308113,305.977126,272.469105,115.130495,0,124.281669,0,50.247051,0,35.87919,34.842,18.048514,48.779774,26.609243,21.680449,20.545376,13.564822,16.855916,24.553962,16.973109,10.55154,6.545384
5106265,"Novo Mundo",85.791947,6.104604,9.643559,7.433848,2414.727652,52.066945,12.239057,15.83802,15.017351,4.40131,21.36654,16.126398,26.338676,25.603812,19.760403,17.557743,25.57809,20.524558,20.987527,17.174588,12.227427,9.267789
5106273,"Novo Horizonte do Norte",0,0,0,0,717.428781,2.567493,0.22698,0.435627,0.383247,0.072459,0.320391,1.282437,0.80316,1.203867,0.315153,0,0.499356,0.579672,0.469674,0.070713,0.37539,0.196425
5106281,"Novo São Joaquim",2269.528577,214.038482,349.599251,100.365772,0,90.281383,0,52.315742,0,47.356747,40.405486,29.853615,45.13689,24.426927,30.372086,14.298806,17.421314,8.818381,15.513285,7.159752,7.287188,7.855694
5106299,"Paranaíta",0.044829,0.066728,0.189648,0.07463,2168.852047,41.260774,7.741273,10.202701,16.293051,6.057298,14.645906,39.521539,25.285561,52.867283,40.773225,41.943475,60.564955,24.446311,20.325036,31.597136,50.614961,8.823998
5106307,"Paranatinga",3947.609036,323.863079,686.288783,331.851904,2371.794984,292.200375,3.942403,210.543415,5.211842,236.074139,292.675431,74.405823,129.106863,74.214677,47.554069,107.63169,63.994248,98.472385,74.680138,166.782743,74.596054,98.546884
5106315,"Novo Santo Antônio",116.634898,23.462941,44.938122,27.00261,101.21145,37.035766,4.8111,17.721877,11.04465,10.404414,15.119891,6.176711,11.643486,15.748461,13.289619,12.503829,12.977776,14.135997,38.597458,12.412248,6.212417,7.094443
5106372,"Pedra Preta",2217.746614,51.080678,54.615611,39.188703,0,14.570519,0,17.262703,0,18.42909,5.588017,3.245742,6.676732,1.613873,4.180847,13.976468,3.799375,7.507543,3.117482,0.312946,1.375025,0.697439
5106422,"Peixoto de Azevedo",3.093794,0.176279,0.378661,1.086271,3290.522522,69.214851,24.176786,22.941028,55.797426,39.192525,54.344612,23.691316,40.72491,36.936762,39.743979,27.158391,59.08127,65.903089,87.084384,58.195735,78.209911,63.222358
5106455,"Planalto da Serra",1105.99832,99.412005,74.364107,37.840207,0,47.271525,0,32.329831,0,49.2087,21.870184,27.634525,33.263256,15.43629,5.924652,18.702236,4.849156,3.491225,6.844298,4.476456,2.571324,1.974052
5106505,"Poconé",1833.254773,111.711575,367.996003,138.721708,0,146.308501,0,86.062849,24.523184,8.418064,95.581888,38.179278,21.77357,101.987949,30.676587,62.205179,42.839371,51.972436,37.869463,27.516898,25.853098,28.227892
5106653,"Pontal do Araguaia",855.065615,152.256468,158.213856,104.910562,0,29.667787,0,30.659477,0,36.766593,15.706583,11.921483,25.096146,7.823887,6.939807,12.490151,9.516851,4.923901,5.446947,7.629946,6.9549,2.343484
5106703,"Ponte Branca",188.133021,11.890005,23.073606,19.841525,0,8.380442,0,4.911996,0,1.900535,1.677663,1.448099,5.451405,1.72253,2.644277,2.321107,1.857126,2.162737,2.718131,3.364994,3.480372,0.070882
5106752,"Pontes E Lacerda",300.171234,78.502214,56.25283,58.351022,3725.954803,85.195866,5.002777,70.646779,3.353423,3.594668,29.491278,16.069374,7.317944,28.829904,8.168689,44.668101,33.023599,20.004019,17.476121,16.934876,11.827144,6.714828
5106778,"Porto Alegre do Norte",469.391188,145.057279,86.12796,52.040971,827.606192,37.865971,0.910552,27.898495,1.513245,7.604154,36.157281,35.101366,10.981802,102.030169,5.672636,38.514769,21.113828,43.223814,37.770353,10.645685,20.651697,8.457794
5106802,"Porto dos Gaúchos",4.590981,0.386296,21.772364,0.416816,2867.04652,29.572832,8.964245,22.862543,20.450778,7.290371,13.180539,16.868333,29.608102,10.173571,19.12318,32.234862,25.24143,51.592334,17.178843,29.216462,95.487677,34.213089
5106828,"Porto Esperidião",2202.924443,180.700786,314.417455,96.010445,355.555018,99.930618,0.410636,84.514487,14.304572,0.565816,87.464303,32.725524,5.223827,92.065652,3.110535,47.292606,29.853284,42.079152,29.99152,14.932344,16.035959,12.246621
5106851,"Porto Estrela",529.212031,89.026097,88.695982,19.762253,132.138791,29.048029,0.096954,12.82679,0,2.460656,10.26806,3.466796,4.455241,5.509463,1.560689,12.035968,9.260042,4.212632,3.623804,1.758336,4.44873,1.021127
5107008,"Poxoréu",3684.151855,167.679125,130.029156,71.273952,0,58.766528,0,31.712558,0,23.065962,18.176481,24.1645,32.517946,26.75463,37.311926,31.842249,12.315208,12.554797,14.17004,7.662844,4.441856,5.093684
5107040,"Primavera do Leste",3494.710409,259.988473,215.799903,46.791061,0,41.5098,0,32.75151,0,38.727247,17.503228,7.941201,6.085048,1.070258,2.168963,3.956694,1.150515,11.928859,8.446861,3.971716,0.612703,0.323031
5107065,"Querência",151.164774,36.391943,69.89435,13.586236,4899.595614,78.586428,7.274064,33.039553,14.952549,38.750708,15.510775,15.651928,21.233898,23.659625,17.347195,70.648952,17.499086,23.068988,25.480758,50.603912,47.348658,12.573846
5107107,"São José dos Quatro Marcos",14.975532,1.326468,2.553408,0.370656,1181.218052,2.317949,0.897468,2.464176,1.00815,0.606606,0.652938,0.512304,1.431396,0.436722,0,0.436722,1.08966,0.53625,0.502882,0.011154,0,0.088374
5107156,"Reserva do Cabaçal",219.814281,1.822168,22.803844,34.742599,149.72342,17.826665,0,21.39772,0,3.725511,2.607846,0.508427,5.658812,21.332061,4.653325,20.685875,4.409559,5.558813,5.161887,18.629802,1.981601,3.154222
5107180,"Ribeirão Cascalheira",1252.262012,246.464401,224.383181,136.372296,1372.110833,87.569496,0.621351,33.638412,5.990913,47.052887,49.354317,35.510434,67.980782,47.472368,88.009063,72.115692,61.168167,45.153179,53.599801,67.138412,45.752246,20.204132
5107198,"Ribeirãozinho",338.228392,14.69817,30.166482,11.41548,0,5.725502,0,9.831592,0,3.067696,9.120252,2.303328,6.300678,3.230682,2.357293,3.29562,2.108784,1.184455,4.069206,0.701988,1.303575,0
5107206,"Rio Branco",3.577784,7.537725,0.79028,0.18039,450.897851,0.09632,0,0,0,0,0.314394,0,0.12026,1.29709,0,0.505951,0.993863,0.127991,0.524849,0,0,0.148607
5107248,"Santa Carmem",0,0.071504,0,0,1392.202376,24.213968,5.410997,11.099357,10.439338,2.861665,25.297742,8.778103,8.192863,20.986685,26.868638,14.447287,19.243884,20.826904,8.847409,37.209889,20.403722,11.035604
5107263,"Santo Afonso",0.506581,0,0,0,937.154888,6.64328,8.116272,2.783175,2.32147,2.586411,6.53291,2.030639,5.02862,2.168719,3.800652,1.991804,2.710459,1.904912,3.29304,0.196764,0.688229,0.312316
5107297,"São José do Povo",331.875752,28.630383,5.006052,8.048625,0,2.001157,0,1.514558,0,2.189878,2.603263,1.016067,4.050049,0.403188,2.133811,1.724503,0.821926,0.805452,0.343376,0.108458,0,0.084587
5107305,"São José do Rio Claro",734.954778,60.796614,122.922656,63.949999,1460.508264,35.560477,7.685223,7.804388,11.505762,9.934973,20.962251,16.634271,24.375211,10.466149,16.514493,18.685355,7.062434,3.548516,25.490052,17.533843,8.74081,31.213409
5107354,"São José do Xingu",0.465127,0.196224,4.306791,1.583874,4192.271072,95.140413,5.918763,7.142962,6.182025,19.067799,1.751553,2.636619,13.51935,1.545646,2.139051,6.918651,4.005189,2.908059,2.566235,6.282739,4.569129,9.760549
5107404,"São Pedro da Cipa",315.628505,0.909277,0,0.01714,0,1.186945,0,0.195396,0,0.023139,0,0.106268,0,0,0,0.013712,0.320518,0.295665,0.157688,0,0,0.143119
5107578,"Rondolândia",0.02975,0,0,0.059592,1822.679579,18.286578,13.85565,8.550372,6.938878,20.340881,13.310458,5.062316,3.130078,15.269755,14.742537,72.075666,32.917373,52.535966,67.884476,48.529312,26.329206,12.116847
5107602,"Rondonópolis",3723.508515,77.515923,54.143685,30.765649,0,21.193324,0,5.783258,0,2.95451,3.037006,3.722847,8.31915,3.067398,2.366746,6.718013,1.539783,2.757187,2.210492,1.319916,0.49565,0.853155
5107701,"Rosário Oeste",1339.665515,247.80561,286.018275,194.610324,0,118.800205,0,67.139193,0,96.677099,79.601807,43.788759,106.604914,57.469011,39.002477,58.81471,65.744497,44.380502,48.683433,39.353329,19.273191,27.540354
5107743,"Santa Cruz do Xingu",35.257797,13.55789,74.811229,18.471774,1340.286312,13.013977,2.995045,16.272518,2.892388,0.639043,15.942908,13.093782,4.09531,24.513666,16.75891,25.165062,18.521311,20.677865,26.39217,16.475008,17.44915,14.602215
5107750,"Salto do Céu",97.389457,4.076396,18.962539,0.390862,1214.85004,5.610182,0.472197,4.52965,1.59196,1.94704,0.583971,1.65808,0.4687,0.25198,0.20296,1.797237,2.188613,0.192758,2.430603,0.032718,0.011193,0.238243
5107768,"Santa Rita do Trivelato",1593.532834,134.976648,311.35848,77.093572,0,110.65928,0,23.579819,0,37.782021,33.328716,14.330534,24.93556,10.415783,7.876732,14.609997,9.21929,6.992859,13.496078,14.300278,5.022549,8.099542
5107776,"Santa Terezinha",157.403286,6.854839,1.696182,6.469103,2335.433942,45.97948,7.401009,5.925916,14.304202,10.750038,15.06206,6.57727,10.355255,25.962517,21.313461,11.405973,15.881276,21.087641,25.250605,29.514807,11.013297,34.241191
5107792,"Santo Antônio do Leste",1643.295313,80.684757,145.775161,50.789571,0,24.12229,0,16.999363,0,20.671769,4.873521,4.171873,3.837992,6.297854,1.452458,3.648219,3.079909,1.033361,7.223114,1.151305,0.235152,0.119957
5107800,"Santo Antônio de Leverger",2216.605614,75.362733,467.863131,153.346828,0,98.489277,0,110.238621,27.323138,7.987978,89.799446,43.660217,5.732881,142.237886,42.779502,49.821537,31.682691,30.295188,19.783612,34.481318,57.461815,57.693549
5107859,"São Félix do Araguaia",532.940794,88.115636,98.254452,76.335065,4111.689828,252.6286,14.069027,45.716424,16.556229,48.312453,68.047659,58.946304,101.362704,27.526821,33.339146,55.843414,57.483274,48.913698,50.455639,74.437436,75.951045,48.972469
5107875,"Sapezal",3731.278471,363.084671,583.109381,112.035183,0.047034,97.219135,0,45.269603,0,35.226313,31.864893,11.65363,46.05825,28.669068,13.119002,4.799586,18.500031,2.899035,8.355943,5.851827,7.08567,6.742765
5107883,"Serra Nova Dourada",171.801325,59.992625,34.843349,48.962937,251.124558,25.475262,17.805853,22.530149,5.275647,29.416935,42.18838,24.392015,19.588941,27.505475,10.871927,17.578803,8.997122,18.862244,12.678641,13.007507,6.456894,4.352104
5107909,"Sinop",7.633427,8.775512,41.501547,7.103601,2421.297498,50.890044,6.801593,5.497404,8.064617,5.944335,22.798393,4.332324,6.561508,7.345935,7.554941,34.736215,72.873205,10.295773,6.589839,5.370029,4.920964,4.080183
5107925,"Sorriso",3657.564881,246.102859,132.358566,54.39117,2164.717099,71.431748,0.782666,8.212375,0.536986,6.228713,6.593088,7.648327,6.680524,3.116524,3.189931,5.351706,1.047214,1.31378,3.73693,1.216819,1.141094,3.01511
5107941,"Tabaporã",356.370583,171.833163,304.10642,84.59108,2465.388441,93.066847,8.806601,15.568807,13.396029,15.617995,55.055858,25.652886,15.97364,21.153583,28.109848,28.360224,26.502072,13.214498,33.231036,46.370062,41.737185,14.316943
5107958,"Tangará da Serra",758.390603,67.249196,195.518597,49.902454,2424.741453,44.100974,3.759097,29.732401,0.877036,66.362178,36.719165,36.108751,29.560233,77.162889,26.275655,20.403941,24.461104,3.034048,12.259197,6.245575,8.265893,5.812919
5108006,"Tapurah",525.155259,40.31427,61.927751,12.797542,1823.975257,17.137128,7.256873,17.254623,21.910583,4.729913,16.743804,7.873924,20.832456,9.243963,7.21108,9.591656,2.845436,5.517641,2.936825,5.063885,10.953075,10.751502
5108055,"Terra Nova do Norte",0,0.05775,0,0,1964.954407,21.822844,11.436545,5.121069,4.673029,4.167368,7.565058,3.509532,2.853862,6.558821,4.44984,4.650894,5.55448,1.711733,2.854285,2.050467,0.382375,2.476554
5108105,"Tesouro",1284.817738,120.363557,125.883103,94.082553,0,53.696871,0,64.936987,0,41.147726,23.688045,17.437687,35.018443,29.117422,27.070985,22.073478,20.830101,21.273049,20.275655,13.128292,12.123834,4.845158
5108204,"Torixoréu",1036.056613,78.755436,100.4733,45.885702,0,16.540665,0,19.231677,0,19.59923,17.019769,9.620195,25.401618,7.387918,13.241718,10.521004,9.627433,8.902724,9.315947,6.330891,6.434242,4.127716
5108303,"União do Sul",0,0,0,0,978.799216,38.695992,2.918992,9.582685,11.274236,15.745679,12.944411,16.727361,41.347342,25.451112,45.89805,28.599228,62.716174,134.300226,68.520667,57.477888,92.980865,43.296234
5108352,"Vale de São Domingos",13.577693,5.546158,113.38115,12.697776,581.834479,2.792335,0.33884,43.521043,0,3.205889,15.272399,0.76134,4.098385,0.154722,2.52958,6.641473,0.575949,1.886393,5.155554,4.01407,5.097042,0.448583
5108402,"Várzea Grande",316.353403,28.144827,31.908095,32.814255,0,17.14271,0,15.382066,0,10.879045,12.762233,4.823083,11.215385,10.917783,5.507996,8.430947,6.500722,8.587932,5.121861,2.239691,3.736658,3.003878
5108501,"Vera",9.595212,0.954713,0,0,1937.797209,5.961209,3.31557,1.084618,1.67214,2.917187,1.52337,10.423363,7.469911,2.267074,4.151786,7.148474,2.183426,1.945831,12.845651,2.87626,1.526248,1.115382
5108600,"Vila Rica",7.121702,11.636212,3.184368,3.723821,4504.423377,80.410953,7.694291,6.936329,14.274109,11.648522,10.922267,5.245415,10.218955,6.206184,6.057495,3.084737,6.713642,4.850543,23.247684,10.288143,13.109516,5.017417
5108808,"Nova Guarita",0,0,0,0,957.852606,3.255374,0.076212,0.45552,1.277208,1.258812,2.049037,1.575048,2.81196,1.691732,2.334949,2.373151,4.316755,1.322984,1.479347,1.497431,1.065086,1.488763
5108857,"Nova Marilândia",156.402159,18.422564,39.555864,4.046415,938.898284,18.298539,5.146069,11.484348,3.999262,3.019637,25.611323,2.967673,3.451706,0.584546,4.197707,4.562218,1.021893,2.267511,2.821388,0.733273,15.869549,6.274282
5108907,"Nova Maringá",219.004137,27.503732,118.449,34.381125,2955.928291,50.851533,10.667326,9.499164,10.422189,5.858759,51.341909,38.522338,54.518858,26.488053,51.887596,43.715932,36.020087,19.263336,30.935825,35.456909,132.84679,213.719929
5108956,"Nova Monte Verde",0,0,0.049989,0.139409,2288.152484,23.619226,6.538929,2.908185,3.755242,5.234517,3.221779,5.448459,7.804705,20.972795,17.437164,16.96616,41.281691,19.203992,26.171232,34.847146,26.77336,5.275733
